Time_s,Temperature_C,Humidity_%,Pressure_hPa,AccelX_g,AccelY_g,AccelZ_g,GyroX_deg_s,GyroY_deg_s,GyroZ_deg_s
0.001,22.66,41.45,1006.02,0.0000,0.0000,0.0000,0.0000,0.0000,0.0000
0.101,22.69,41.39,1006.01,0.8359,-0.0319,-0.6240,-19.4809,0.0458,13.1985
0.201,22.73,41.33,1005.99,0.8333,-0.0390,-0.6895,-2.0076,5.7939,-1.0229
0.301,22.76,41.28,1005.98,0.8420,-0.0730,-0.6858,-2.2519,0.7252,-0.3817
0.401,22.78,41.23,1005.98,0.8394,-0.0419,-0.6746,-1.8550,2.5267,-0.9313
0.501,22.79,41.19,1005.98,0.8364,-0.0478,-0.6802,-2.4122,0.6031,0.0381
0.601,22.80,41.14,1006.00,0.8271,-0.0402,-0.6914,-1.9008,1.2595,-0.7710
0.701,22.81,41.10,1006.00,0.8445,-0.0329,-0.6865,-3.5649,2.4733,2.4427
0.801,22.82,41.08,1005.99,0.8767,-0.0483,-0.7336,-8.9084,0.9618,1.4656
0.901,22.82,41.02,1005.99,0.8293,-0.0300,-0.6960,-5.0458,0.3053,1.6947
1.001,22.84,40.99,1005.99,0.8413,-0.0637,-0.6841,-3.1298,1.7099,0.5344
1.101,22.85,40.94,1005.98,0.8315,-0.0468,-0.6875,-1.9008,1.0458,-0.8244
1.201,22.85,40.90,1006.00,0.8401,-0.0444,-0.6826,-1.9160,1.0534,-0.6947
1.301,22.85,40.83,1005.98,0.8320,-0.0461,-0.6919,-1.9237,1.1069,-0.6870
1.401,22.86,40.78,1006.00,0.8354,-0.0437,-0.6841,-1.8397,1.3282,-0.6260
1.501,22.86,40.71,1006.00,0.8362,-0.0385,-0.6885,-2.0534,1.1450,-0.7939
1.601,22.87,40.64,1006.02,0.8330,-0.0456,-0.6899,-1.7176,0.9771,-0.7328
1.701,22.87,40.57,1006.01,0.8406,-0.0400,-0.6792,-1.9084,1.0076,-0.6947
1.801,22.87,40.51,1006.00,0.8350,-0.0415,-0.6802,-1.7634,1.1679,-0.7405
1.901,22.88,40.45,1006.00,0.8367,-0.0397,-0.6875,-1.8779,1.0763,-0.7939
2.001,22.88,40.37,1005.99,0.8374,-0.0468,-0.6824,-2.0611,1.2748,-0.9008
2.101,22.89,40.32,1006.00,0.8342,-0.0405,-0.6816,-1.7328,0.9695,-0.6107
2.201,22.89,40.26,1006.01,0.8337,-0.0427,-0.6772,-1.7634,1.0916,-0.5573
2.301,22.90,40.21,1006.02,0.8328,-0.0441,-0.6858,-1.8397,0.8779,-0.7252
2.401,22.90,40.13,1005.99,0.8315,-0.0424,-0.6792,-1.8092,1.0076,-0.8092
2.501,22.90,40.07,1006.00,0.8406,-0.0402,-0.6780,-1.9847,0.6870,-0.6641
2.601,22.90,40.01,1006.00,0.8315,-0.0402,-0.6917,-1.6718,1.0687,-0.7710
2.701,22.91,39.95,1005.97,0.8389,-0.0405,-0.6790,-1.7328,1.0382,-0.7557
2.801,22.91,39.89,1005.98,0.8340,-0.0483,-0.6833,-1.8702,1.0305,-0.5954
2.901,22.92,39.86,1006.00,0.8369,-0.0412,-0.6899,-1.8626,0.9389,-0.8931
3.001,22.92,39.77,1006.00,0.8340,-0.0446,-0.6875,-1.7863,1.0916,-0.7863
3.101,22.92,39.66,1006.01,0.8350,-0.0466,-0.6826,-1.7099,1.1679,-0.7023
3.201,22.93,39.54,1006.03,0.8308,-0.0424,-0.6772,-1.6641,1.2061,-0.6870
3.301,22.92,39.46,1005.99,0.8337,-0.0395,-0.6790,-1.9695,1.2366,-0.6641
3.401,22.93,39.37,1005.99,0.8374,-0.0419,-0.6880,-2.0000,1.0076,-0.6565
3.501,22.93,39.30,1006.01,0.8289,-0.0493,-0.6770,-1.9466,0.9008,-0.6794
3.601,22.93,39.21,1006.01,0.8362,-0.0434,-0.6772,-1.8550,1.1069,-0.7481
3.701,22.94,39.16,1006.01,0.8738,-0.0976,-0.6313,7.3969,19.2061,-8.3130
3.801,22.94,39.08,1006.00,0.9607,-0.5635,-1.0725,71.6031,0.6794,-71.0763
3.901,22.94,39.00,1006.02,0.6641,0.0937,-0.6709,62.5344,-51.5725,-64.8626
4.001,22.94,38.96,1006.01,0.7351,-0.0534,-1.3352,54.9160,-212.2977,-119.7557
4.101,22.95,38.93,1006.02,1.1355,0.2925,-1.1177,-112.1069,83.0611,-20.4198
4.201,22.95,38.88,1006.03,0.4346,0.0773,-0.5640,-61.2672,137.4886,-78.3130
4.301,22.96,38.82,1005.98,0.3687,0.3809,-0.5391,56.1908,-0.7939,-56.9771
4.401,22.96,38.74,1006.00,0.7903,0.4319,-0.7864,-65.4046,-44.5802,-31.9618
4.501,22.97,38.66,1006.00,0.6965,0.2468,-0.6382,-28.2977,105.0534,-79.4580
4.601,22.97,38.59,1006.02,0.3696,0.4070,-0.4714,80.1679,102.1527,-73.8626
4.701,22.96,38.52,1005.99,0.3889,0.5261,-0.5403,54.8015,83.9389,-14.4504
4.801,22.96,38.45,1006.01,0.2998,0.4187,-0.5669,76.8779,53.4122,17.3130
4.901,22.96,38.41,1006.02,0.4729,0.5532,-0.4392,46.7939,-35.5267,42.2901
5.001,22.97,38.40,1006.03,0.8691,0.2212,-0.5469,-31.6870,18.3053,67.4275
5.101,22.96,38.38,1006.02,0.7419,0.2124,-0.8635,82.2748,-34.3740,19.3053
5.201,22.97,38.37,1006.01,0.7339,0.2903,-0.8359,17.7328,10.4351,27.4886
5.301,22.97,38.38,1006.05,0.7590,0.0786,-0.6255,-5.5649,-10.1985,27.5573
5.401,22.98,38.37,1006.03,0.6985,-0.1924,-0.9080,38.9771,-95.8168,45.0000
5.501,22.98,38.37,1006.07,1.0908,-0.1313,-1.1975,9.4885,-31.1221,24.7786
5.601,22.99,38.33,1006.03,0.2759,-0.3784,-0.8464,65.5802,57.0687,32.6412
5.701,22.99,38.31,1006.06,0.6089,-0.0935,-1.0850,6.8550,-100.6260,11.7328
5.801,23.00,38.33,1006.08,0.6943,-0.5356,-1.0991,-48.8702,-20.0076,27.0076
5.901,22.99,38.30,1006.04,0.8948,-0.0759,-1.2549,23.2061,32.5344,-41.3588
6.001,22.99,38.24,1006.05,0.6311,-0.2351,-1.0564,-71.7786,40.3740,6.6641
6.101,23.00,38.22,1006.05,0.9375,-0.2053,-1.2859,-46.1756,-51.9389,-68.4809
6.201,23.00,38.15,1006.05,0.3948,-0.1814,-0.8926,-31.7786,106.6870,-28.8168
6.301,23.00,38.08,1006.03,0.3228,-0.0085,-0.8411,30.3969,-11.4275,6.0840
6.401,23.00,38.02,1006.03,0.9812,0.1758,-1.1030,-119.5954,-27.0534,2.2366
6.501,22.99,37.92,1006.01,0.4836,-0.1050,-0.7017,-29.4656,96.4198,11.8321
6.601,22.99,37.75,1005.99,0.7180,0.2385,-0.7710,8.5115,-7.0916,-61.3893
6.701,22.98,37.69,1005.99,0.5137,0.2649,-0.4875,-6.3435,25.5191,-32.8092
6.801,22.97,37.62,1005.96,0.4077,0.2427,-0.4614,27.8244,4.3511,-30.1756
6.901,22.97,37.56,1005.97,0.2561,0.2751,-0.5044,44.9008,67.9542,27.4733
7.001,22.97,37.51,1005.97,-0.0134,-0.0705,-0.5420,11.1679,-32.2290,83.0458
7.101,22.97,37.47,1005.98,0.8145,0.0231,-1.0022,69.8015,-40.7710,90.2366
7.201,22.97,37.44,1005.99,0.5293,0.0341,-0.6094,102.4504,28.0992,96.8321
7.301,22.97,37.42,1005.99,0.8975,-0.0576,-1.4583,30.6870,-155.7786,40.3282
7.401,22.98,37.40,1006.00,0.6116,-0.2617,-1.4297,95.6260,26.7786,111.6641
7.501,22.98,37.37,1006.00,0.7732,-0.3896,-1.1472,-59.7328,35.8702,-22.0840
7.601,22.98,37.33,1005.99,0.6111,-0.3425,-1.9788,110.2137,-85.3893,11.9771
7.701,22.98,37.29,1006.02,0.5994,-0.4485,-1.5706,-211.6641,133.3053,-11.5954
7.801,22.98,37.23,1006.01,0.5730,-0.2400,-0.8882,-13.5878,32.6183,-95.3206
7.901,22.99,37.18,1006.02,0.2827,0.0112,-0.7168,22.6794,40.4962,-86.3130
8.001,22.98,37.12,1006.00,0.9250,0.3784,-0.8699,-87.6031,-87.2137,-87.7863
8.101,22.98,37.06,1006.01,0.3848,-0.1040,-0.4368,-64.5115,197.7939,-39.2595
8.201,22.97,36.99,1005.99,-0.1680,0.2773,-0.0192,114.8321,91.9237,-3.8855
8.301,22.97,36.96,1005.99,0.2485,0.4309,-0.2612,2.2672,-64.0611,104.6260
8.401,22.97,36.93,1005.96,0.6877,-0.0092,-0.4895,-30.7710,-89.1145,90.6183
8.501,22.97,36.94,1005.98,0.5183,-0.3425,-0.6487,39.3053,-168.9542,30.5878
8.601,22.98,36.96,1005.99,0.6875,-0.0532,-1.7881,231.6336,118.8015,130.3053
8.701,22.98,36.94,1005.99,0.3501,-0.3643,-1.7095,40.1603,-97.9389,70.4962
8.801,22.99,36.95,1006.02,1.1565,0.0041,-2.0000,-67.7634,-89.8931,-79.6870
8.901,22.99,36.92,1006.05,0.1255,-0.8657,-1.6714,-213.3817,5.8931,-66.7786
9.001,23.00,36.88,1006.05,0.8159,0.2935,-0.9458,-85.3130,150.4733,-126.0992
9.101,23.00,36.83,1006.01,0.0378,-0.1775,0.0341,-227.4809,100.7710,-97.9618
9.201,22.99,36.76,1005.97,-0.0593,-0.2175,-0.0158,119.9771,95.6794,-16.7634
9.301,22.99,36.71,1006.00,0.1323,0.6157,-0.5081,163.8473,51.5267,-6.3969
9.401,22.98,36.70,1005.97,0.0607,0.4072,-0.3596,-93.2748,68.4504,147.1374
9.501,22.98,36.71,1005.98,0.1238,-0.3879,-0.9224,-45.1450,-247.4427,139.8168
9.601,22.99,36.70,1005.98,1.4165,-0.0590,-2.0000,218.5725,-205.6107,85.3588
9.701,22.99,36.69,1006.00,0.6272,-0.0376,-2.0000,48.2214,121.5725,-7.3969
9.801,22.99,36.72,1006.02,0.5740,0.0219,-1.8279,-192.1908,40.5191,-12.3588
9.901,23.00,36.67,1006.05,0.6167,-0.5435,-2.0000,-250.1374,93.2748,-247.6488
10.001,23.00,36.64,1006.03,-0.2244,0.0200,-0.0036,-6.9160,193.1450,-55.8397
10.101,23.00,36.54,1005.95,0.4939,0.4165,-0.1995,-103.5954,-99.1527,-136.4122
10.201,22.99,36.50,1006.00,0.0827,0.0263,-0.0871,-68.4657,77.0229,25.5725
10.301,22.98,36.47,1005.95,0.2280,0.1121,-0.0288,73.5343,-20.7786,114.2519
10.401,22.98,36.47,1005.99,0.4558,-0.2388,-0.4377,65.0458,-139.7328,156.6107
10.501,22.99,36.46,1005.97,0.7158,-0.6152,-1.7656,62.3053,-157.3435,78.3206
10.601,22.99,36.45,1006.00,0.9531,-0.4382,-2.0000,250.1298,-64.9466,-77.4046
10.701,22.99,36.44,1006.02,-0.4336,-0.3877,-1.4731,74.1450,-43.3359,83.8473
10.801,22.99,36.43,1006.02,0.9170,-0.2793,-2.0000,-250.1374,-216.2443,47.7557
10.901,22.99,36.40,1006.01,-0.2844,-0.8816,-1.9150,-250.1374,250.1298,56.2901
11.001,23.00,36.36,1006.02,0.1860,-0.2954,-0.7852,-223.5496,214.0000,-1.7328
11.101,22.99,36.32,1005.96,0.2131,-0.3318,-0.0190,-194.8626,205.3053,-85.0076
11.201,22.99,36.28,1005.96,-0.5525,-0.3621,0.3135,180.2366,224.6260,144.5725
11.301,22.98,36.27,1005.95,0.2700,0.6697,-0.0437,163.5649,-133.2137,140.2443
11.401,22.99,36.28,1005.97,0.5908,-0.1367,-0.1980,-39.4656,-144.8321,242.3817
11.501,22.99,36.29,1005.96,0.7627,-0.5198,-1.6980,180.2366,-250.1374,70.7176
11.601,22.99,36.29,1006.01,0.7202,-0.2493,-2.0000,221.0534,79.2443,30.4809
11.701,23.00,36.28,1006.01,-0.0004,-0.4790,-2.0000,125.4885,-148.8244,18.4351
11.801,23.00,36.28,1006.01,0.9519,-0.2959,-2.0000,-235.3969,176.0076,70.4809
11.901,23.01,36.25,1006.05,0.2520,-0.9067,-1.0061,-63.9542,129.0229,-53.3130
12.001,23.00,36.22,1006.00,0.0229,-0.2515,-0.2869,7.0000,75.8702,-61.2290
12.101,23.00,36.18,1005.99,0.2786,-0.0996,-0.5815,-68.1756,-75.4046,-37.1450
12.201,23.00,36.16,1005.97,0.9653,0.2292,-1.0203,-77.6412,-38.1374,-18.5038
12.301,23.00,36.12,1006.00,0.1992,-0.1685,-0.5632,-5.2901,56.6260,8.9466
12.401,23.00,36.08,1006.00,0.6167,0.3188,-0.9456,56.0763,-59.1221,-31.1603
12.501,23.00,36.09,1006.01,0.5422,0.1863,-1.0215,-25.1221,23.3435,20.0458
12.601,23.00,36.04,1006.01,0.4202,0.0578,-0.8364,0.3359,21.6183,9.1221
12.701,23.00,36.02,1006.01,0.7151,0.2688,-1.0852,-19.2061,-60.4580,-34.1450
12.801,23.00,35.98,1005.99,-0.3970,-0.3889,-0.1309,-178.1985,250.1298,45.8321
12.901,23.01,35.96,1005.96,-1.0718,-0.8208,-0.6538,45.6641,-250.1374,171.8092
13.001,23.01,35.95,1005.95,1.9999,0.9426,-2.0000,250.1298,-250.1374,-250.1374
13.101,23.02,35.97,1006.00,-1.4673,-0.6777,-2.0000,-250.1374,250.1298,28.3664
13.201,23.01,35.92,1006.01,-1.6301,-1.7153,0.0837,7.8779,250.1298,232.7557
13.301,23.02,35.88,1005.99,-0.9790,-0.3262,-0.3037,210.1908,-250.1374,250.1298
13.401,23.01,35.85,1005.98,1.9999,-0.1399,-2.0000,-220.7634,-250.1374,-250.1374
13.501,23.01,35.80,1006.00,-0.3184,-0.5752,-2.0000,-250.1374,250.1298,103.4580
13.601,23.00,35.79,1005.98,-2.0000,-0.3489,-0.1260,180.8092,250.1298,153.8855
13.701,22.98,35.76,1005.98,-0.7278,0.6050,-0.3447,-125.6489,-250.1374,250.1298
13.801,22.98,35.74,1006.01,1.9999,-1.3762,-2.0000,-14.5038,-250.1374,-250.1374
13.901,22.98,35.71,1005.98,-2.0000,-0.7756,-2.0000,-24.4809,250.1298,-45.2977
14.001,22.97,35.69,1005.98,-1.3303,-0.7451,0.2244,30.9084,250.1298,-138.0916
14.101,22.97,35.66,1005.97,0.5564,0.5239,-1.4636,85.5954,-250.1374,-37.4580
14.201,22.97,35.64,1006.00,1.8159,0.1028,-1.3984,-140.2137,227.5343,41.4733
14.301,22.97,35.63,1005.99,-0.1140,-0.1677,-0.0515,129.1603,160.2519,-9.9847
14.401,22.96,35.62,1005.98,0.7419,0.5969,-0.7786,53.8321,-211.8702,-9.6718
14.501,22.97,35.61,1005.97,0.8513,-0.1094,-0.8701,-86.2366,-21.8931,116.0382
14.601,22.97,35.60,1005.99,0.9343,-0.1445,-1.0010,83.1221,13.5802,-20.8702
14.701,22.98,35.60,1005.98,0.5315,0.1602,-0.8477,20.5038,81.2519,-29.2443
14.801,22.99,35.62,1005.97,0.6709,0.1045,-0.7822,-26.0763,-102.4809,16.0000
14.901,23.00,35.63,1005.97,0.3740,-0.1760,-0.8765,-13.5802,160.8244,250.1298
15.001,23.00,35.64,1005.99,1.0188,0.1790,-1.0083,25.1756,44.9313,-24.2214
15.101,23.00,35.64,1005.99,0.5500,-0.0488,-0.7815,-27.8626,-42.2443,-34.4809
15.201,23.01,35.64,1005.98,0.7419,-0.0253,-0.8564,5.9237,37.2672,-23.2901
15.301,23.01,35.64,1005.99,0.4846,0.1064,-0.7942,54.8855,-26.2290,-26.0000
15.401,23.01,35.63,1005.99,0.8167,0.1006,-1.0024,-52.1908,-24.4122,-4.1603
15.501,23.01,35.62,1005.99,0.4832,-0.0815,-0.7520,3.3282,51.4656,-24.9466
15.601,23.01,35.61,1005.97,0.7698,0.2092,-0.8752,33.2214,-29.5725,-41.8626
15.701,23.02,35.61,1005.98,0.6306,0.1028,-0.7715,-5.6183,24.9695,1.0611
15.801,23.02,35.60,1005.97,0.6040,0.1978,-0.5923,-82.7939,156.4427,84.2137
15.901,23.02,35.60,1005.97,0.6519,-0.4670,-0.8728,-21.4656,-38.0076,-112.5343
16.001,23.02,35.61,1005.97,0.8730,0.4104,-1.1184,134.3282,-96.0763,-123.1679
16.101,23.03,35.62,1005.99,0.4717,0.2192,-0.8315,-72.1221,19.4886,0.2290
16.201,23.02,35.59,1005.97,0.5986,0.3445,-0.7585,12.9924,-37.5115,22.6489
16.301,23.03,35.60,1005.96,0.4390,-0.2576,-0.8047,-60.2290,-98.6183,56.5954
16.401,23.03,35.57,1005.97,0.7043,0.1958,-1.2219,104.5191,14.1679,25.1145
16.501,23.03,35.54,1005.97,0.4929,0.0422,-0.8354,-62.4580,-32.4809,36.8779
16.601,23.03,35.60,1005.94,0.5994,-0.1311,-1.0020,28.2061,-46.5038,-6.6641
16.701,23.03,35.70,1005.97,0.6167,0.1511,-1.2510,19.5496,10.2137,-27.7710
16.801,23.04,35.82,1005.97,0.3918,0.2095,-0.9219,-77.4580,40.7710,7.8168
16.901,23.05,35.87,1006.01,0.4736,-0.2102,-0.9329,-94.6031,-112.0687,14.4351
17.001,23.05,35.86,1006.01,0.6946,0.0473,-0.9358,51.1756,109.5573,0.6107
17.101,23.05,35.85,1005.97,0.2231,-0.0234,-0.8713,37.3282,-38.6565,-27.6260
17.201,23.04,35.83,1005.99,0.5449,0.0178,-1.2410,-19.5420,0.9695,-7.9237
17.301,23.04,35.81,1005.95,0.2104,-0.0981,-1.0271,-20.2137,50.0305,22.7634
17.401,23.04,35.80,1005.95,0.5815,0.0395,-1.0840,2.0992,-39.6870,-21.2824
17.501,23.05,35.77,1005.97,0.5227,0.0178,-0.9719,-4.9847,58.0534,0.2443
17.601,23.05,35.75,1005.98,0.4802,-0.0127,-0.8928,-3.6489,-13.9542,-9.1679
17.701,23.05,35.73,1005.98,0.5083,-0.0390,-1.0007,-3.7328,32.9847,6.0763
17.801,23.05,35.72,1005.99,0.5967,-0.0881,-0.8784,47.6260,26.0534,-15.9924
17.901,23.05,35.72,1005.97,0.4807,0.1768,-0.8599,-44.9466,55.5038,30.0534
18.001,23.05,35.73,1005.98,0.7803,-0.1121,-1.0203,-17.2290,2.1298,-19.6794
18.101,23.05,35.75,1005.97,0.7222,-0.0673,-0.7751,-15.4427,67.5649,-20.2595
18.201,23.06,35.77,1005.97,0.5791,0.0654,-0.7966,21.8473,-31.9618,-17.0916
18.301,23.07,35.78,1005.98,0.7656,-0.0168,-1.0056,-24.6641,4.0382,8.8473
18.401,23.07,35.78,1005.99,0.6875,-0.0708,-0.7996,12.8015,32.9542,-7.1527
18.501,23.07,35.77,1005.97,0.6624,0.0175,-0.8372,13.3511,11.5496,-22.2290
18.601,23.07,35.74,1005.96,0.6885,-0.0144,-0.7700,-26.1756,28.7252,0.0916
18.701,23.07,35.71,1005.99,0.8286,0.0122,-0.6838,-7.8244,20.4504,14.3893
18.801,23.07,35.68,1006.00,0.7585,-0.1160,-0.5916,1.4504,-9.4427,-11.0611
18.901,23.07,35.65,1005.98,0.6235,0.1602,-0.9431,51.9618,-2.9084,-1.0382
19.001,23.07,35.62,1005.98,0.7798,-0.0825,-0.7864,-104.7786,-15.3588,61.2214
19.101,23.07,35.58,1005.97,0.8298,-0.2622,-0.7498,30.5344,-14.4427,3.0458
19.201,23.07,35.56,1005.97,0.7886,0.1162,-0.7688,23.4351,35.3053,-50.9847
19.301,23.07,35.54,1005.98,1.4377,-0.0419,-1.3035,-124.8702,80.7557,250.1298
19.401,23.07,35.50,1005.99,0.9812,-0.1685,-0.9080,5.1069,250.1298,49.8473
19.501,23.07,35.50,1005.99,1.0732,-0.2495,-0.0346,-6.8168,250.1298,-77.6718
19.601,23.07,35.49,1005.95,0.5767,0.2114,0.3687,-19.5267,250.1298,-66.4962
19.701,23.08,35.46,1006.00,-0.3347,0.3115,0.6941,-42.4427,195.3130,-16.3282
19.801,23.08,35.47,1006.02,-0.4170,0.0610,0.9919,-35.1374,22.6107,4.4809
19.901,23.07,35.46,1005.96,-0.1599,-0.0546,0.9231,-33.5191,-40.9389,7.1069
20.001,23.08,35.46,1005.98,-0.1104,-0.0734,0.8311,1.9313,-6.1069,6.0992
20.101,23.08,35.50,1005.98,-0.1667,-0.0712,0.9839,10.6107,-35.7176,13.3130
20.201,23.08,35.56,1006.00,-0.0852,-0.0551,1.0452,-4.3130,-76.8244,6.6031
20.301,23.08,35.55,1005.97,-0.1045,-0.1018,0.7456,0.0916,-211.1756,-60.0687
20.401,23.08,35.58,1005.96,0.1033,-0.0556,0.0671,85.6947,-250.1374,-79.5878
20.501,23.08,35.61,1005.98,0.9805,-0.7480,-1.1296,149.9084,-250.1374,250.1298
20.601,23.08,35.63,1005.98,1.4314,-0.3630,-1.7798,80.4733,88.7328,7.3511
20.701,23.08,35.66,1005.97,0.8271,-0.6494,-0.5269,-12.7099,250.1298,-138.4046
20.801,23.08,35.66,1005.97,0.6499,-0.5405,0.0244,129.8473,250.1298,-89.3664
20.901,23.08,35.64,1005.96,-0.5791,0.1326,0.4829,149.5878,250.1298,-95.9313
21.001,23.08,35.62,1005.98,-0.9473,0.2761,0.6726,-99.0840,-250.1374,30.8473
21.101,23.08,35.61,1005.98,0.2209,-0.3975,-0.9746,-250.1374,-250.1374,148.6870
21.201,23.08,35.58,1005.97,1.8257,-0.6633,-1.0474,-3.2137,-166.0534,78.4504
21.301,23.08,35.56,1005.96,1.8960,-0.5649,-0.9053,36.4809,250.1298,-42.6412
21.401,23.08,35.55,1005.98,1.3159,-0.8374,-1.5557,126.9008,250.1298,-68.5191
21.501,23.08,35.53,1005.99,-0.9949,0.4043,0.2354,114.4275,250.1298,-43.3511
21.601,23.08,35.50,1005.97,-0.8953,0.2117,0.6848,-104.3893,-250.1374,35.7328
21.701,23.09,35.49,1005.96,0.1599,-0.3225,-1.6316,-156.8702,-250.1374,77.0229
21.801,23.10,35.48,1005.97,1.9192,-0.7078,-1.5544,81.6565,133.5267,38.9160
21.901,23.09,35.47,1005.99,1.9999,-0.7820,-1.5908,91.8550,250.1298,-153.1832
22.001,23.10,35.47,1005.98,-0.9973,0.0668,-0.6350,232.0840,250.1298,-158.8092
22.101,23.10,35.48,1005.98,-0.3662,-0.5100,0.7795,-250.1374,-250.1374,83.6412
22.201,23.10,35.49,1005.97,0.4453,-0.6492,-1.5701,-58.5496,-250.1374,8.6489
22.301,23.10,35.49,1005.97,1.5715,-0.6138,-0.9875,71.3435,250.1298,46.3053
22.401,23.10,35.50,1005.98,0.1038,-0.1958,0.3157,245.4427,250.1298,-89.9771
22.501,23.10,35.50,1005.97,-0.8044,0.1990,0.6733,-84.0763,-250.1374,25.5267
22.601,23.11,35.51,1006.01,0.2205,-0.3765,-2.0000,-82.7328,-250.1374,57.1450
22.701,23.11,35.51,1005.97,1.0769,-0.7209,-0.9685,94.3740,250.1298,-9.4122
22.801,23.11,35.51,1005.97,0.1189,-0.6663,-0.5063,250.1298,250.1298,-85.7328
22.901,23.11,35.51,1006.00,-0.5566,0.1919,0.0517,-190.2977,-250.1374,70.8092
23.001,23.11,35.50,1006.00,1.5276,-0.8218,-1.4397,-8.3893,-250.1374,100.7023
23.101,23.11,35.50,1005.99,1.9253,-0.5474,-1.1936,23.3206,250.1298,-25.5038
23.201,23.11,35.48,1005.99,-0.0234,0.0969,-0.3293,20.0458,-250.1374,-50.3893
23.301,23.11,35.48,1005.99,1.0710,-0.3220,0.0144,-107.1221,-166.2061,-206.3817
23.401,23.11,35.45,1005.98,1.4607,-0.4739,-0.7654,33.7557,-158.0458,-87.0534
23.501,23.11,35.45,1005.98,0.8533,-0.0383,-0.6443,13.7939,139.8626,-7.6641
23.601,23.12,35.44,1005.98,0.6628,-0.0590,-0.4102,-29.0992,-37.7863,-25.8779
23.701,23.11,35.40,1005.96,1.0220,-0.1194,-0.5437,-40.2824,-53.7786,0.9847
23.801,23.12,35.36,1005.97,0.9678,-0.1379,-0.5432,-22.9466,7.4046,7.1221
23.901,23.12,35.35,1005.97,0.8977,-0.0927,-0.4827,-3.9771,12.5191,5.5191
24.001,23.12,35.31,1005.97,0.9392,-0.1042,-0.5569,-7.7099,-52.3282,-4.0458
24.101,23.11,35.29,1005.99,0.8901,-0.1335,-0.6001,33.0382,-6.5038,15.2824
24.201,23.11,35.25,1005.95,0.8813,0.2383,-0.7874,77.6489,-42.6641,56.1450
24.301,23.10,35.22,1005.94,1.3203,-0.0114,-0.6660,-182.2672,30.8626,-1.3969
24.401,23.10,35.18,1005.95,0.4548,-0.5662,-0.5430,44.2061,122.6412,71.2901
24.501,23.11,35.14,1005.95,0.9316,-0.0058,-0.6924,-20.5725,149.7176,27.1450
24.601,23.11,35.11,1005.96,0.2075,0.0610,-0.3567,-250.1374,-95.4427,38.9542
24.701,23.10,35.07,1005.97,1.0330,-0.7329,-1.0815,38.5954,-173.1756,-25.1450
24.801,23.10,35.04,1005.96,1.0461,0.1885,-0.8127,-44.7099,32.5267,-89.2901
24.901,23.10,35.02,1005.99,0.7483,-0.0212,-0.3796,109.6336,-38.5878,-124.6183
25.001,23.10,34.99,1005.99,0.8230,0.0600,-0.5964,43.2214,32.7786,1.3511
25.101,23.10,34.96,1005.97,1.1052,0.1526,-0.8960,60.4809,-5.8321,16.5878
25.201,23.10,34.93,1005.99,0.9111,-0.0930,-0.2764,-35.1832,-54.1679,-116.4275
25.301,23.11,34.91,1006.00,0.8120,-0.1211,-0.7336,-0.3817,-25.4809,-38.2290
25.401,23.11,34.88,1005.98,0.8127,-0.0856,-0.7612,-39.7557,6.2061,-34.1603
25.501,23.11,34.87,1005.99,0.7993,0.0356,-0.6658,-74.7099,61.2901,45.6641
25.601,23.11,34.84,1005.99,0.8386,0.0327,-0.6633,2.5802,1.4809,1.9618
25.701,23.10,34.82,1005.98,0.8660,0.0271,-0.6389,1.4198,10.5573,0.9618
Time_s,Temperature_C,Humidity_%,Pressure_hPa,AccelX_g,AccelY_g,AccelZ_g,GyroX_deg_s,GyroY_deg_s,GyroZ_deg_s
0.001,23.14,40.27,1005.94,0.0000,0.0000,0.0000,0.0000,0.0000,0.0000
0.101,23.18,40.24,1005.95,0.0493,-0.0581,0.9534,-0.4809,-0.4351,-0.9618
0.201,23.21,40.20,1005.91,0.0549,-0.0647,0.9451,0.3817,-2.9771,-3.7099
0.301,23.23,40.17,1005.92,0.0537,-0.0810,0.9644,-0.7099,-0.7557,-4.8168
0.401,23.25,40.13,1005.91,0.0380,-0.0734,0.9570,-1.2443,2.4656,0.7252
0.501,23.26,40.10,1005.92,0.0441,-0.0803,0.9424,-1.1527,-0.0076,3.8092
0.601,23.27,40.07,1005.89,0.0583,-0.0752,0.9448,-0.4275,0.6641,0.4122
0.701,23.28,40.05,1005.91,0.0600,-0.0737,0.9446,-9.0687,-2.0763,1.4122
0.801,23.28,40.04,1005.94,0.0454,-0.0788,0.9536,0.6947,5.6565,1.4351
0.901,23.29,40.04,1005.93,0.0400,-0.0754,0.9470,5.0000,2.7328,0.4046
1.001,23.30,40.02,1005.93,0.0293,-0.0415,0.9712,1.4656,4.9466,0.9542
1.101,23.30,40.02,1005.90,0.0390,-0.0578,0.9460,-1.2366,2.4885,-0.7939
1.201,23.30,40.02,1005.91,0.0532,-0.0510,0.9565,0.5725,4.3053,2.1450
1.301,23.31,40.01,1005.91,-0.0024,-0.0429,0.9519,-1.0458,5.9618,1.8015
1.401,23.31,40.01,1005.91,-0.0063,-0.0373,0.9629,-0.9466,6.8779,-1.1145
1.501,23.31,40.01,1005.90,-0.0366,0.0009,0.9709,-0.9847,10.9695,4.7939
1.601,23.32,40.01,1005.93,-0.0180,-0.0141,0.9543,-5.7405,-6.2824,-3.0229
1.701,23.32,40.02,1005.94,-0.0581,-0.0139,0.9792,-8.6870,0.3282,7.1298
1.801,23.32,40.02,1005.94,-0.0087,-0.0261,0.9487,6.4351,6.2748,4.6870
1.901,23.33,40.04,1005.95,-0.0437,0.0024,0.9497,2.1221,3.0382,1.5725
2.001,23.33,40.06,1005.94,-0.0463,0.0119,0.9409,-5.6107,-3.3435,-2.4046
2.101,23.33,40.09,1005.95,-0.0087,0.0083,0.9585,0.2443,-1.3511,-2.3893
2.201,23.33,40.11,1005.94,-0.0039,-0.0373,0.9460,0.6183,-3.6794,1.7405
2.301,23.33,40.13,1005.95,-0.0280,0.0275,0.9678,0.5267,3.7481,-0.8855
2.401,23.33,40.19,1005.93,-0.0061,-0.0012,0.9482,-3.2290,-1.3969,0.7405
2.501,23.33,40.22,1005.93,-0.0219,-0.0095,0.9390,2.6794,7.8473,0.6794
2.601,23.33,40.28,1005.94,-0.0556,-0.0021,0.9407,-1.5496,1.8626,-0.0152
2.701,23.34,40.32,1005.91,-0.0432,-0.0141,0.9595,4.0687,2.4122,-0.0152
2.801,23.34,40.34,1005.95,0.0114,0.0029,0.9302,-5.8626,0.6870,8.9847
2.901,23.34,40.35,1005.95,-0.0026,0.0000,0.9639,-3.7252,-0.7099,-0.4351
3.001,23.34,40.33,1005.94,-0.0019,-0.0087,0.9431,-1.9160,-2.3588,-3.7176
3.101,23.34,40.28,1005.92,0.0090,0.0046,0.9546,-2.0763,-0.4275,-0.8321
3.201,23.34,40.20,1005.93,0.0017,-0.0061,0.9365,-0.7710,3.0916,0.4351
3.301,23.34,40.16,1005.90,-0.0131,0.0007,0.9534,-1.7176,0.1145,-1.0076
3.401,23.34,40.11,1005.89,-0.0153,0.0019,0.9631,-3.5496,-1.8702,-2.0687
3.501,23.34,40.07,1005.91,0.0046,0.0031,0.9578,-1.9008,2.6336,0.4427
3.601,23.34,40.03,1005.91,-0.0087,-0.0021,0.9360,-2.4351,1.5954,1.4504
3.701,23.34,40.00,1005.92,-0.0063,0.0014,0.9482,-1.3359,0.7023,0.9695
3.801,23.34,39.97,1005.93,-0.0166,0.0007,0.9480,-1.5191,3.7176,-0.5267
3.901,23.34,39.93,1005.93,-0.0107,0.0114,0.9622,-0.4733,-0.0763,-0.7939
4.001,23.34,39.90,1005.91,-0.0141,0.0175,0.9609,2.2290,-3.1069,0.9008
4.101,23.34,39.86,1005.95,0.0019,0.0412,0.9595,-0.3130,-6.9618,3.4962
4.201,23.35,39.82,1005.92,0.0097,0.0148,0.9517,0.4580,3.3740,-0.9160
4.301,23.34,39.77,1005.94,0.0146,0.0183,0.9570,-2.5649,-3.2595,-2.2443
4.401,23.34,39.72,1005.90,0.0000,0.0056,0.9629,-3.1450,-8.3130,-3.9084
4.501,23.35,39.67,1005.94,0.0976,0.0459,0.9451,3.6565,-18.7176,-18.3511
4.601,23.35,39.62,1005.93,0.0703,0.0227,0.9429,-2.1298,2.3206,-0.1069
4.701,23.35,39.59,1005.93,0.0610,0.0087,0.9377,-4.8855,7.5649,1.1908
4.801,23.36,39.56,1005.96,0.0542,0.0239,0.9602,-4.4122,2.9618,0.0076
4.901,23.35,39.52,1005.92,0.0512,0.0092,0.9448,-2.9008,0.4427,-0.5878
5.001,23.36,39.48,1005.93,0.0468,0.0205,0.9480,-0.8626,-0.1679,0.3511
5.101,23.36,39.44,1005.92,0.0388,-0.0004,0.9453,-1.2137,1.6794,0.0610
5.201,23.36,39.42,1005.93,0.0610,-0.0144,0.9238,3.7023,1.6031,0.8626
5.301,23.36,39.40,1005.91,0.0690,-0.0754,0.7810,5.7176,-1.5115,5.3588
5.401,23.36,39.40,1005.94,0.0217,-0.3513,-0.0710,-10.4962,28.7863,110.2214
5.501,23.36,39.40,1005.88,0.0527,1.0808,0.2363,203.7328,-234.9695,18.6718
5.601,23.36,39.38,1005.93,1.6450,1.4438,1.9999,-22.2901,-168.7328,-34.9160
5.701,23.37,39.28,1005.98,-0.0124,0.0090,0.2451,77.3740,-45.4122,51.4580
5.801,23.36,39.13,1005.99,0.8486,0.4180,1.1008,-13.5496,-102.0916,71.0076
5.901,23.36,38.95,1005.98,0.6704,0.1895,0.5994,-7.1374,-44.0534,2.3664
6.001,23.35,38.75,1005.96,0.7510,0.2864,0.6792,39.7634,-34.9695,9.7863
6.101,23.34,38.56,1005.96,0.7266,0.3018,0.6636,-5.8397,-23.3969,-1.9695
6.201,23.33,38.36,1006.00,0.6953,0.1926,0.5730,-11.8244,-66.0305,-32.0916
6.301,23.32,38.22,1005.98,0.0219,0.2620,0.1960,16.4809,-205.5725,-87.2595
6.401,23.32,38.04,1005.98,1.0227,0.1284,-0.2493,-98.1985,-250.1374,90.7176
6.501,23.31,37.86,1005.97,1.2339,-0.1150,-0.2163,-83.9695,-37.1450,13.5115
6.601,23.31,37.72,1005.95,1.1064,0.0578,-0.2966,24.8702,-36.9771,1.0534
6.701,23.31,37.57,1005.95,0.8628,0.1167,-0.4231,3.7328,-20.8702,-3.4046
6.801,23.31,37.29,1005.96,1.0210,0.1030,-0.4048,-15.6870,-43.0153,4.6947
6.901,23.30,37.20,1005.96,0.9656,0.0163,-0.4932,7.7634,-34.7328,9.9847
7.001,23.29,37.10,1005.96,0.8994,0.1023,-0.6365,-4.2748,9.8855,18.1145
7.101,23.29,37.03,1005.95,0.9224,-0.0048,-0.5212,-21.4427,-41.5344,-1.0992
7.201,23.30,36.97,1005.93,0.9839,0.1055,-0.6240,11.7863,-11.7099,-12.4122
